web-scraper-order,web-scraper-start-url,url,url-href,faci
"1680792398-25","https://www.ddproperty.com/%E0%B8%A3%E0%B8%A7%E0%B8%A1%E0%B8%9B%E0%B8%A3%E0%B8%B0%E0%B8%81%E0%B8%B2%E0%B8%A8%E0%B8%82%E0%B8%B2%E0%B8%A2?market=residential&property_type=N&property_type_code[]=CONDO","aspire สาทร - ตากสิน Timber Zone, กรุงเทพ","https://www.ddproperty.com/property/aspire-%E0%B8%AA%E0%B8%B2%E0%B8%97%E0%B8%A3-%E0%B8%95%E0%B8%B2%E0%B8%81%E0%B8%AA%E0%B8%B4%E0%B8%99-timber-zone-%E0%B8%81%E0%B8%A3%E0%B8%B8%E0%B8%87%E0%B9%80%E0%B8%97%E0%B8%9E-%E0%B8%82%E0%B8%B2%E0%B8%A2-10580545","สิ่งอำนวยความสะดวก & สถานที่ใกล้เคียง

        
        
            จุดเด่น
        
        
            สิ่งอำนวยความสะดวก
        
        
    
        
        
            จุดเด่น
                
            
        
        
            
                เครื่องปรับอากาศ
                
            
            
                ห้องมุม
                
            
            
                สวน/วิวสวนธรรมชาติ
                
            
            
                ชั้นบน 
                
            
            
                การตกแต่ง
                
            
            
                เครื่องทำน้ำอุ่น
                
            
            

            
        
        
            สิ่งอำนวยความสะดวก
                
            
        
        
            
                ลานจอดรถ
                
            
            
                สวนสาธารณะ
                
            
            
                กล้องวงจรปิด
                
            
            
                ฟิตเนส
                
            
            
                มินิมาร์ท
                
            
            
                ซาวน่า
                
            
            
                รักษาความปลอดภัย 24 ชม.
                
            
            
                สระว่ายน้ำ"
"1680792400-26","https://www.ddproperty.com/%E0%B8%A3%E0%B8%A7%E0%B8%A1%E0%B8%9B%E0%B8%A3%E0%B8%B0%E0%B8%81%E0%B8%B2%E0%B8%A8%E0%B8%82%E0%B8%B2%E0%B8%A2?market=residential&property_type=N&property_type_code[]=CONDO","The Leaf Pattanakarn : เดอะลีฟ พัฒนาการ, กรุงเทพ","https://www.ddproperty.com/property/the-leaf-pattanakarn-%E0%B9%80%E0%B8%94%E0%B8%AD%E0%B8%B0%E0%B8%A5%E0%B8%B5%E0%B8%9F-%E0%B8%9E%E0%B8%B1%E0%B8%92%E0%B8%99%E0%B8%B2%E0%B8%81%E0%B8%B2%E0%B8%A3-%E0%B8%81%E0%B8%A3%E0%B8%B8%E0%B8%87%E0%B9%80%E0%B8%97%E0%B8%9E-%E0%B8%82%E0%B8%B2%E0%B8%A2-10726029","สิ่งอำนวยความสะดวก & สถานที่ใกล้เคียง

        
        
            จุดเด่น
        
        
            สิ่งอำนวยความสะดวก
        
        
    
        
        
            จุดเด่น
                
            
        
        
            
                เครื่องปรับอากาศ
                
            
            
                ห้องนอน
                
            
            
                เครื่องดูดควันจากเตา
                
            
            
                ตู้เย็น
                
            
            
                เตาอบ/ไมโครเวฟ
                
            
            
                โทรทัศน์
                
            
            
                เครื่องทำน้ำอุ่น
                
            
            

            
        
        
            สิ่งอำนวยความสะดวก
                
            
        
        
            
                สวนสาธารณะ
                
            
            
                กล้องวงจรปิด
                
            
            
                ฟิตเนส
                
            
            
                ซาวน่า
                
            
            
                รักษาความปลอดภัย 24 ชม.
                
            
            
                สระว่ายน้ำ"
"1680792403-27","https://www.ddproperty.com/%E0%B8%A3%E0%B8%A7%E0%B8%A1%E0%B8%9B%E0%B8%A3%E0%B8%B0%E0%B8%81%E0%B8%B2%E0%B8%A8%E0%B8%82%E0%B8%B2%E0%B8%A2?market=residential&property_type=N&property_type_code[]=CONDO","Lumpini Park Riverside Rama 3 : ลุมพินี พาร์ค ริเวอร์ไซด์ พระราม 3, กรุงเทพ","https://www.ddproperty.com/property/lumpini-park-riverside-rama-3-%E0%B8%A5%E0%B8%B8%E0%B8%A1%E0%B8%9E%E0%B8%B4%E0%B8%99%E0%B8%B5-%E0%B8%9E%E0%B8%B2%E0%B8%A3%E0%B9%8C%E0%B8%84-%E0%B8%A3%E0%B8%B4%E0%B9%80%E0%B8%A7%E0%B8%AD%E0%B8%A3%E0%B9%8C%E0%B9%84%E0%B8%8B%E0%B8%94%E0%B9%8C-%E0%B8%9E%E0%B8%A3%E0%B8%B0%E0%B8%A3%E0%B8%B2%E0%B8%A1-3-%E0%B8%81%E0%B8%A3%E0%B8%B8%E0%B8%87%E0%B9%80%E0%B8%97%E0%B8%9E-%E0%B8%82%E0%B8%B2%E0%B8%A2-10100367","สิ่งอำนวยความสะดวก & สถานที่ใกล้เคียง

        
        
            จุดเด่น
        
        
            สิ่งอำนวยความสะดวก
        
        
    
        
        
            จุดเด่น
                
            
        
        
            
                เครื่องดูดควันจากเตา
                
            
            
                สวน/วิวสวนธรรมชาติ
                
            
            
                ชั้นบน 
                
            
            
                เครื่องทำน้ำอุ่น
                
            
            

            
        
        
            สิ่งอำนวยความสะดวก
                
            
        
        
            
                ลานจอดรถ
                
            
            
                ที่จอดรถ
                
            
            
                กล้องวงจรปิด
                
            
            
                ฟิตเนส
                
            
            
                รักษาความปลอดภัย 24 ชม.
                
            
            
                สระว่ายน้ำ"
"1680792405-28","https://www.ddproperty.com/%E0%B8%A3%E0%B8%A7%E0%B8%A1%E0%B8%9B%E0%B8%A3%E0%B8%B0%E0%B8%81%E0%B8%B2%E0%B8%A8%E0%B8%82%E0%B8%B2%E0%B8%A2?market=residential&property_type=N&property_type_code[]=CONDO","คอนโดเชน หัวหิน จ.ประจวบคีรีขันธ์, ประจวบคีรีขันธ์","https://www.ddproperty.com/property/%E0%B8%84%E0%B8%AD%E0%B8%99%E0%B9%82%E0%B8%94%E0%B9%80%E0%B8%8A%E0%B8%99-%E0%B8%AB%E0%B8%B1%E0%B8%A7%E0%B8%AB%E0%B8%B4%E0%B8%99-%E0%B8%88-%E0%B8%9B%E0%B8%A3%E0%B8%B0%E0%B8%88%E0%B8%A7%E0%B8%9A%E0%B8%84%E0%B8%B5%E0%B8%A3%E0%B8%B5%E0%B8%82%E0%B8%B1%E0%B8%99%E0%B8%98%E0%B9%8C-%E0%B8%9B%E0%B8%A3%E0%B8%B0%E0%B8%88%E0%B8%A7%E0%B8%9A%E0%B8%84%E0%B8%B5%E0%B8%A3%E0%B8%B5%E0%B8%82%E0%B8%B1%E0%B8%99%E0%B8%98%E0%B9%8C-%E0%B8%82%E0%B8%B2%E0%B8%A2-10755465","สิ่งอำนวยความสะดวก & สถานที่ใกล้เคียง

        
        
            จุดเด่น
        
        
            สิ่งอำนวยความสะดวก
        
        
    
        
        
            จุดเด่น
                
            
        
        
            
                เครื่องปรับอากาศ
                
            
            
                ห้องนอน
                
            
            
                ตู้เย็น
                
            
            
                เครื่องทำครัว
                
            
            
                เฟอร์นิเจอร์ในห้องรับแขก
                
            
            
                เตาอบ/ไมโครเวฟ
                
            
            
                เครื่องทำน้ำอุ่น
                
            
            

            
        
        
            สิ่งอำนวยความสะดวก
                
            
        
        
            
                รักษาความปลอดภัย 24 ชม.
                
            
            
                สระว่ายน้ำ"
"1680792427-29","https://www.ddproperty.com/%E0%B8%A3%E0%B8%A7%E0%B8%A1%E0%B8%9B%E0%B8%A3%E0%B8%B0%E0%B8%81%E0%B8%B2%E0%B8%A8%E0%B8%82%E0%B8%B2%E0%B8%A2?market=residential&property_type=N&property_type_code[]=CONDO","โครงการ The President สาทร-ราช 3, กรุงเทพ","https://www.ddproperty.com/property/%E0%B9%82%E0%B8%84%E0%B8%A3%E0%B8%87%E0%B8%81%E0%B8%B2%E0%B8%A3-the-president-%E0%B8%AA%E0%B8%B2%E0%B8%97%E0%B8%A3-%E0%B8%A3%E0%B8%B2%E0%B8%8A-3-%E0%B8%81%E0%B8%A3%E0%B8%B8%E0%B8%87%E0%B9%80%E0%B8%97%E0%B8%9E-%E0%B8%82%E0%B8%B2%E0%B8%A2-5535275","สิ่งอำนวยความสะดวก & สถานที่ใกล้เคียง

        
        
            จุดเด่น
        
        
            สิ่งอำนวยความสะดวก
        
        
    
        
        
            จุดเด่น
                
            
        
        
            
                เครื่องปรับอากาศ
                
            
            
                ระเบียง
                
            
            
                วิวเมือง
                
            
            
                เครื่องดูดควันจากเตา
                
            
            
                ห้องมุม
                
            
            
                สวน/วิวสวนธรรมชาติ
                
            
            
                สภาพเดิม
                
            
            
                ลานกลางแจ้ง
                
            
            
                การตกแต่ง
                
            
            
                ระเบียงดาดฟ้า
                
            
            
                เทอเรซ
                
            
            
                เครื่องทำน้ำอุ่น
                
            
            

            
        
        
            สิ่งอำนวยความสะดวก
                
            
        
        
            
                ลานจอดรถใต้ดิน
                
            
            
                ที่จอดรถ
                
            
            
                กล้องวงจรปิด
                
            
            
                ฟิตเนส
                
            
            
                ซัก อบ รีด
                
            
            
                ห้องสมุด
                
            
            
                หอประชุมอเนกประสงค์
                
            
            
                ลานจอดรถ
                
            
            
                ศาลาชมทิวทัศน์
                
            
            
                สนามเด็กเล่น
                
            
            
                พื้นทางเดินหินเพื่อสุขภาพ
                
            
            
                ซาวน่า
                
            
            
                รักษาความปลอดภัย 24 ชม.
                
            
            
                สปา สระว่ายน้ำ
                
            
            
                ห้องอบซาวนา
                
            
            
                สระว่ายน้ำ"
"1680792432-30","https://www.ddproperty.com/%E0%B8%A3%E0%B8%A7%E0%B8%A1%E0%B8%9B%E0%B8%A3%E0%B8%B0%E0%B8%81%E0%B8%B2%E0%B8%A8%E0%B8%82%E0%B8%B2%E0%B8%A2?market=residential&property_type=N&property_type_code[]=CONDO","Aspire ลาดพร้าว 113 (แอสปาย ลาดพร้าว), กรุงเทพ","https://www.ddproperty.com/property/aspire-%E0%B8%A5%E0%B8%B2%E0%B8%94%E0%B8%9E%E0%B8%A3%E0%B9%89%E0%B8%B2%E0%B8%A7-113-%E0%B9%81%E0%B8%AD%E0%B8%AA%E0%B8%9B%E0%B8%B2%E0%B8%A2-%E0%B8%A5%E0%B8%B2%E0%B8%94%E0%B8%9E%E0%B8%A3%E0%B9%89%E0%B8%B2%E0%B8%A7-%E0%B8%81%E0%B8%A3%E0%B8%B8%E0%B8%87%E0%B9%80%E0%B8%97%E0%B8%9E-%E0%B8%82%E0%B8%B2%E0%B8%A2-10774112","สิ่งอำนวยความสะดวก & สถานที่ใกล้เคียง

    
        
        
            สิ่งอำนวยความสะดวก
                
            
        
        
            
                ที่จอดรถ
                
            
            
                กล้องวงจรปิด
                
            
            
                ฟิตเนส
                
            
            
                รักษาความปลอดภัย 24 ชม.
                
            
            
                สระว่ายน้ำ"
"1680792434-31","https://www.ddproperty.com/%E0%B8%A3%E0%B8%A7%E0%B8%A1%E0%B8%9B%E0%B8%A3%E0%B8%B0%E0%B8%81%E0%B8%B2%E0%B8%A8%E0%B8%82%E0%B8%B2%E0%B8%A2?market=residential&property_type=N&property_type_code[]=CONDO","ขายคอนโด   ชะอำคอนโดเทล วิวทะเล, เพชรบุรี","https://www.ddproperty.com/property/%E0%B8%82%E0%B8%B2%E0%B8%A2%E0%B8%84%E0%B8%AD%E0%B8%99%E0%B9%82%E0%B8%94-%E0%B8%8A%E0%B8%B0%E0%B8%AD%E0%B8%B3%E0%B8%84%E0%B8%AD%E0%B8%99%E0%B9%82%E0%B8%94%E0%B9%80%E0%B8%97%E0%B8%A5-%E0%B8%A7%E0%B8%B4%E0%B8%A7%E0%B8%97%E0%B8%B0%E0%B9%80%E0%B8%A5-%E0%B9%80%E0%B8%9E%E0%B8%8A%E0%B8%A3%E0%B8%9A%E0%B8%B8%E0%B8%A3%E0%B8%B5-%E0%B8%82%E0%B8%B2%E0%B8%A2-10778451","สิ่งอำนวยความสะดวก & สถานที่ใกล้เคียง

    
        
        
            สิ่งอำนวยความสะดวก
                
            
        
        
            
                ที่จอดรถ
                
            
            
                ห้องยิมนาสติก
                
            
            
                สนามเด็กเล่น
                
            
            
                รักษาความปลอดภัย 24 ชม.
                
            
            
                สระว่ายน้ำ
                
            
            
                สระเด็ก"
"1680792437-32","https://www.ddproperty.com/%E0%B8%A3%E0%B8%A7%E0%B8%A1%E0%B8%9B%E0%B8%A3%E0%B8%B0%E0%B8%81%E0%B8%B2%E0%B8%A8%E0%B8%82%E0%B8%B2%E0%B8%A2?market=residential&property_type=N&property_type_code[]=CONDO","The Hudson สาทร 7, กรุงเทพ","https://www.ddproperty.com/property/the-hudson-%E0%B8%AA%E0%B8%B2%E0%B8%97%E0%B8%A3-7-%E0%B8%81%E0%B8%A3%E0%B8%B8%E0%B8%87%E0%B9%80%E0%B8%97%E0%B8%9E-%E0%B8%82%E0%B8%B2%E0%B8%A2-10734368","สิ่งอำนวยความสะดวก & สถานที่ใกล้เคียง

        
        
            จุดเด่น
        
        
            สิ่งอำนวยความสะดวก
        
        
    
        
        
            จุดเด่น
                
            
        
        
            
                เครื่องปรับอากาศ
                
            
            
                ระเบียง
                
            
            
                เครื่องดูดควันจากเตา
                
            
            
                ห้องมุม
                
            
            
                สวน/วิวสวนธรรมชาติ
                
            
            
                ชั้นบน 
                
            
            
                เพนท์เฮ้าส์
                
            
            
                การตกแต่ง
                
            
            
                เครื่องทำน้ำอุ่น
                
            
            

            
        
        
            สิ่งอำนวยความสะดวก
                
            
        
        
            
                ลานจอดรถใต้ดิน
                
            
            
                ห้องบิลเลียด
                
            
            
                ที่จอดรถ
                
            
            
                คลับเฮ้าส์
                
            
            
                กล้องวงจรปิด
                
            
            
                ฟิตเนส
                
            
            
                ห้องประชุม
                
            
            
                ห้องเล่นเกมส์
                
            
            
                ห้องสมุด
                
            
            
                ศาลาชมทิวทัศน์
                
            
            
                รักษาความปลอดภัย 24 ชม.
                
            
            
                ห้องอบซาวนา
                
            
            
                สระว่ายน้ำ
                
            
            
                สระเด็ก"
"1680792439-33","https://www.ddproperty.com/%E0%B8%A3%E0%B8%A7%E0%B8%A1%E0%B8%9B%E0%B8%A3%E0%B8%B0%E0%B8%81%E0%B8%B2%E0%B8%A8%E0%B8%82%E0%B8%B2%E0%B8%A2?market=residential&property_type=N&property_type_code[]=CONDO","ขายห้องชุด ย่าน ศาลายา มหาสวัสดิ์ คลองโยง ทรงคนอง สามพราน : บ้านเอื้ออาทร ศาลายา 1 : 33.47 ตร.เมตร, นครปฐม","https://www.ddproperty.com/property/%E0%B8%82%E0%B8%B2%E0%B8%A2%E0%B8%AB%E0%B9%89%E0%B8%AD%E0%B8%87%E0%B8%8A%E0%B8%B8%E0%B8%94-%E0%B8%A2%E0%B9%88%E0%B8%B2%E0%B8%99-%E0%B8%A8%E0%B8%B2%E0%B8%A5%E0%B8%B2%E0%B8%A2%E0%B8%B2-%E0%B8%A1%E0%B8%AB%E0%B8%B2%E0%B8%AA%E0%B8%A7%E0%B8%B1%E0%B8%AA%E0%B8%94%E0%B8%B4%E0%B9%8C-%E0%B8%84%E0%B8%A5%E0%B8%AD%E0%B8%87%E0%B9%82%E0%B8%A2%E0%B8%87-%E0%B8%97%E0%B8%A3%E0%B8%87%E0%B8%84%E0%B8%99%E0%B8%AD%E0%B8%87-%E0%B8%AA%E0%B8%B2%E0%B8%A1%E0%B8%9E%E0%B8%A3%E0%B8%B2%E0%B8%99-%E0%B8%9A%E0%B9%89%E0%B8%B2%E0%B8%99%E0%B9%80%E0%B8%AD%E0%B8%B7%E0%B9%89%E0%B8%AD%E0%B8%AD%E0%B8%B2%E0%B8%97%E0%B8%A3-%E0%B8%A8%E0%B8%B2%E0%B8%A5%E0%B8%B2%E0%B8%A2%E0%B8%B2-1-33-47-%E0%B8%95%E0%B8%A3-%E0%B9%80%E0%B8%A1%E0%B8%95%E0%B8%A3-%E0%B8%99%E0%B8%84%E0%B8%A3%E0%B8%9B%E0%B8%90%E0%B8%A1-%E0%B8%82%E0%B8%B2%E0%B8%A2-10778504","สิ่งอำนวยความสะดวก & สถานที่ใกล้เคียง

        
        
            จุดเด่น
        
        
            สิ่งอำนวยความสะดวก
        
        
    
        
        
            จุดเด่น
                
            
        
        
            
                เครื่องปรับอากาศ
                
            
            

            
        
        
            สิ่งอำนวยความสะดวก
                
            
        
        
            
                ที่จอดรถ
                
            
            
                สนามเด็กเล่น
                
            
            
                รักษาความปลอดภัย 24 ชม."
"1680792441-34","https://www.ddproperty.com/%E0%B8%A3%E0%B8%A7%E0%B8%A1%E0%B8%9B%E0%B8%A3%E0%B8%B0%E0%B8%81%E0%B8%B2%E0%B8%A8%E0%B8%82%E0%B8%B2%E0%B8%A2?market=residential&property_type=N&property_type_code[]=CONDO","Park Origin Ratchathewi, กรุงเทพ","https://www.ddproperty.com/property/park-origin-ratchathewi-%E0%B8%81%E0%B8%A3%E0%B8%B8%E0%B8%87%E0%B9%80%E0%B8%97%E0%B8%9E-%E0%B8%82%E0%B8%B2%E0%B8%A2%E0%B8%94%E0%B8%B2%E0%B8%A7%E0%B8%99%E0%B9%8C-8775796","สิ่งอำนวยความสะดวก & สถานที่ใกล้เคียง

        
        
            จุดเด่น
        
        
            สิ่งอำนวยความสะดวก
        
        
    
        
        
            จุดเด่น
                
            
        
        
            
                เครื่องปรับอากาศ
                
            
            
                ระเบียง
                
            
            
                เครื่องดูดควันจากเตา
                
            
            
                ห้องมุม
                
            
            
                ชั้นบน 
                
            
            
                เครื่องทำน้ำอุ่น
                
            
            

            
        
        
            สิ่งอำนวยความสะดวก
                
            
        
        
            
                ลานจอดรถ
                
            
            
                สวนสาธารณะ
                
            
            
                กล้องวงจรปิด
                
            
            
                ฟิตเนส
                
            
            
                ห้องเล่นเกมส์
                
            
            
                รักษาความปลอดภัย 24 ชม.
                
            
            
                สระว่ายน้ำ"
"1680792444-35","https://www.ddproperty.com/%E0%B8%A3%E0%B8%A7%E0%B8%A1%E0%B8%9B%E0%B8%A3%E0%B8%B0%E0%B8%81%E0%B8%B2%E0%B8%A8%E0%B8%82%E0%B8%B2%E0%B8%A2?market=residential&property_type=N&property_type_code[]=CONDO","แชมเบอรี่ คอนโด, ชลบุรี","https://www.ddproperty.com/property/%E0%B9%81%E0%B8%8A%E0%B8%A1%E0%B9%80%E0%B8%9A%E0%B8%AD%E0%B8%A3%E0%B8%B5%E0%B9%88-%E0%B8%84%E0%B8%AD%E0%B8%99%E0%B9%82%E0%B8%94-%E0%B8%8A%E0%B8%A5%E0%B8%9A%E0%B8%B8%E0%B8%A3%E0%B8%B5-%E0%B8%82%E0%B8%B2%E0%B8%A2-10767468","สิ่งอำนวยความสะดวก & สถานที่ใกล้เคียง

        
        
            จุดเด่น
        
        
            สิ่งอำนวยความสะดวก
        
        
    
        
        
            จุดเด่น
                
            
        
        
            
                เครื่องปรับอากาศ
                
            
            
                ห้องนอน
                
            
            
                เฟอร์นิเจอร์ในห้องอาหาร
                
            
            
                ตู้เย็น
                
            
            
                เครื่องทำครัว
                
            
            
                เฟอร์นิเจอร์ในห้องรับแขก
                
            
            
                เตาอบ/ไมโครเวฟ
                
            
            
                โทรทัศน์
                
            
            
                เครื่องทำน้ำอุ่น
                
            
            

            
        
        
            สิ่งอำนวยความสะดวก
                
            
        
        
            
                ที่จอดรถ
                
            
            
                คลับเฮ้าส์
                
            
            
                รักษาความปลอดภัย 24 ชม.
                
            
            
                สระว่ายน้ำ"
"1680792446-36","https://www.ddproperty.com/%E0%B8%A3%E0%B8%A7%E0%B8%A1%E0%B8%9B%E0%B8%A3%E0%B8%B0%E0%B8%81%E0%B8%B2%E0%B8%A8%E0%B8%82%E0%B8%B2%E0%B8%A2?market=residential&property_type=N&property_type_code[]=CONDO","The Ritz-Carlton Residences : เดอะ ริทซ์-คาร์ลตัน เรสซิเดนเซส, กรุงเทพ","https://www.ddproperty.com/property/the-ritz-carlton-residences-%E0%B9%80%E0%B8%94%E0%B8%AD%E0%B8%B0-%E0%B8%A3%E0%B8%B4%E0%B8%97%E0%B8%8B%E0%B9%8C-%E0%B8%84%E0%B8%B2%E0%B8%A3%E0%B9%8C%E0%B8%A5%E0%B8%95%E0%B8%B1%E0%B8%99-%E0%B9%80%E0%B8%A3%E0%B8%AA%E0%B8%8B%E0%B8%B4%E0%B9%80%E0%B8%94%E0%B8%99%E0%B9%80%E0%B8%8B%E0%B8%AA-%E0%B8%81%E0%B8%A3%E0%B8%B8%E0%B8%87%E0%B9%80%E0%B8%97%E0%B8%9E-%E0%B8%82%E0%B8%B2%E0%B8%A2-10778578","สิ่งอำนวยความสะดวก & สถานที่ใกล้เคียง

    
        
        
            สิ่งอำนวยความสะดวก
                
            
        
        
            
                ฟิตเนส
                
            
            
                ห้องบิลเลียด
                
            
            
                ที่จอดรถ
                
            
            
                กล้องวงจรปิด
                
            
            
                ฟิตเนส
                
            
            
                ห้องเล่นเกมส์
                
            
            
                จากุซซี่
                
            
            
                ห้องสมุด
                
            
            
                เล้าจ์
                
            
            
                อ่างแช่น้ำ
                
            
            
                ซาวน่า
                
            
            
                รักษาความปลอดภัย 24 ชม.
                
            
            
                สกายเลานจ์
                
            
            
                สปา สระว่ายน้ำ
                
            
            
                ห้องอบซาวนา
                
            
            
                สระว่ายน้ำ"
"1680792448-37","https://www.ddproperty.com/%E0%B8%A3%E0%B8%A7%E0%B8%A1%E0%B8%9B%E0%B8%A3%E0%B8%B0%E0%B8%81%E0%B8%B2%E0%B8%A8%E0%B8%82%E0%B8%B2%E0%B8%A2?market=residential&property_type=N&property_type_code[]=CONDO","Wyne Sukhumvit : วายน์ สุขุมวิท, กรุงเทพ","https://www.ddproperty.com/property/wyne-sukhumvit-%E0%B8%A7%E0%B8%B2%E0%B8%A2%E0%B8%99%E0%B9%8C-%E0%B8%AA%E0%B8%B8%E0%B8%82%E0%B8%B8%E0%B8%A1%E0%B8%A7%E0%B8%B4%E0%B8%97-%E0%B8%81%E0%B8%A3%E0%B8%B8%E0%B8%87%E0%B9%80%E0%B8%97%E0%B8%9E-%E0%B8%82%E0%B8%B2%E0%B8%A2-10755484","สิ่งอำนวยความสะดวก & สถานที่ใกล้เคียง

    
        
        
            สิ่งอำนวยความสะดวก
                
            
        
        
            
                ลานจอดรถ
                
            
            
                กล้องวงจรปิด
                
            
            
                ฟิตเนส
                
            
            
                ห้องยิมนาสติก
                
            
            
                Lift lobby
                
            
            
                รักษาความปลอดภัย 24 ชม.
                
            
            
                สระว่ายน้ำ"
"1680792451-38","https://www.ddproperty.com/%E0%B8%A3%E0%B8%A7%E0%B8%A1%E0%B8%9B%E0%B8%A3%E0%B8%B0%E0%B8%81%E0%B8%B2%E0%B8%A8%E0%B8%82%E0%B8%B2%E0%B8%A2?market=residential&property_type=N&property_type_code[]=CONDO","Dcondo รัตนาธิเบศร์ (ดี คอนโด รัตนาธิเบศร์), นนทบุรี","https://www.ddproperty.com/property/dcondo-%E0%B8%A3%E0%B8%B1%E0%B8%95%E0%B8%99%E0%B8%B2%E0%B8%98%E0%B8%B4%E0%B9%80%E0%B8%9A%E0%B8%A8%E0%B8%A3%E0%B9%8C-%E0%B8%94%E0%B8%B5-%E0%B8%84%E0%B8%AD%E0%B8%99%E0%B9%82%E0%B8%94-%E0%B8%A3%E0%B8%B1%E0%B8%95%E0%B8%99%E0%B8%B2%E0%B8%98%E0%B8%B4%E0%B9%80%E0%B8%9A%E0%B8%A8%E0%B8%A3%E0%B9%8C-%E0%B8%99%E0%B8%99%E0%B8%97%E0%B8%9A%E0%B8%B8%E0%B8%A3%E0%B8%B5-%E0%B8%82%E0%B8%B2%E0%B8%A2-10242246","สิ่งอำนวยความสะดวก & สถานที่ใกล้เคียง

    
        
        
            สิ่งอำนวยความสะดวก
                
            
        
        
            
                ลานจอดรถ
                
            
            
                ที่จอดรถ
                
            
            
                กล้องวงจรปิด
                
            
            
                ฟิตเนส
                
            
            
                ห้องยิมนาสติก
                
            
            
                Lift lobby
                
            
            
                รักษาความปลอดภัย 24 ชม.
                
            
            
                สระว่ายน้ำ"
"1680792453-39","https://www.ddproperty.com/%E0%B8%A3%E0%B8%A7%E0%B8%A1%E0%B8%9B%E0%B8%A3%E0%B8%B0%E0%B8%81%E0%B8%B2%E0%B8%A8%E0%B8%82%E0%B8%B2%E0%B8%A2?market=residential&property_type=N&property_type_code[]=CONDO","Garden Asoke-Rama 9 : การ์เดน อโศก-พระราม 9, กรุงเทพ","https://www.ddproperty.com/property/garden-asoke-rama-9-%E0%B8%81%E0%B8%B2%E0%B8%A3%E0%B9%8C%E0%B9%80%E0%B8%94%E0%B8%99-%E0%B8%AD%E0%B9%82%E0%B8%A8%E0%B8%81-%E0%B8%9E%E0%B8%A3%E0%B8%B0%E0%B8%A3%E0%B8%B2%E0%B8%A1-9-%E0%B8%81%E0%B8%A3%E0%B8%B8%E0%B8%87%E0%B9%80%E0%B8%97%E0%B8%9E-%E0%B8%82%E0%B8%B2%E0%B8%A2-10194070","สิ่งอำนวยความสะดวก & สถานที่ใกล้เคียง

        
        
            จุดเด่น
        
        
            สิ่งอำนวยความสะดวก
        
        
    
        
        
            จุดเด่น
                
            
        
        
            
                เครื่องปรับอากาศ
                
            
            
                ห้องนอน
                
            
            
                เครื่องดูดควันจากเตา
                
            
            
                ตู้เย็น
                
            
            
                เฟอร์นิเจอร์ในห้องรับแขก
                
            
            
                เตาอบ/ไมโครเวฟ
                
            
            
                โทรทัศน์
                
            
            
                เครื่องซักผ้า
                
            
            
                เครื่องทำน้ำอุ่น
                
            
            

            
        
        
            สิ่งอำนวยความสะดวก
                
            
        
        
            
                เตาทำบาบีคิว
                
            
            
                สวนสาธารณะ
                
            
            
                กล้องวงจรปิด
                
            
            
                ฟิตเนส
                
            
            
                รักษาความปลอดภัย 24 ชม.
                
            
            
                สระว่ายน้ำ"
"1680792455-40","https://www.ddproperty.com/%E0%B8%A3%E0%B8%A7%E0%B8%A1%E0%B8%9B%E0%B8%A3%E0%B8%B0%E0%B8%81%E0%B8%B2%E0%B8%A8%E0%B8%82%E0%B8%B2%E0%B8%A2?market=residential&property_type=N&property_type_code[]=CONDO","รัชดา ออร์คิด คอนโดมิเนียม, กรุงเทพ","https://www.ddproperty.com/property/%E0%B8%A3%E0%B8%B1%E0%B8%8A%E0%B8%94%E0%B8%B2-%E0%B8%AD%E0%B8%AD%E0%B8%A3%E0%B9%8C%E0%B8%84%E0%B8%B4%E0%B8%94-%E0%B8%84%E0%B8%AD%E0%B8%99%E0%B9%82%E0%B8%94%E0%B8%A1%E0%B8%B4%E0%B9%80%E0%B8%99%E0%B8%B5%E0%B8%A2%E0%B8%A1-%E0%B8%81%E0%B8%A3%E0%B8%B8%E0%B8%87%E0%B9%80%E0%B8%97%E0%B8%9E-%E0%B8%82%E0%B8%B2%E0%B8%A2-10518734","สิ่งอำนวยความสะดวก & สถานที่ใกล้เคียง

        
        
            จุดเด่น
        
        
            สิ่งอำนวยความสะดวก
        
        
    
        
        
            จุดเด่น
                
            
        
        
            
                เครื่องปรับอากาศ
                
            
            
                ระเบียง
                
            
            
                เครื่องดูดควันจากเตา
                
            
            

            
        
        
            สิ่งอำนวยความสะดวก
                
            
        
        
            
                ลานจอดรถ
                
            
            
                กล้องวงจรปิด
                
            
            
                ห้องยิมนาสติก
                
            
            
                Lift lobby
                
            
            
                รักษาความปลอดภัย 24 ชม.
                
            
            
                สระว่ายน้ำ"
"1680792466-41","https://www.ddproperty.com/%E0%B8%A3%E0%B8%A7%E0%B8%A1%E0%B8%9B%E0%B8%A3%E0%B8%B0%E0%B8%81%E0%B8%B2%E0%B8%A8%E0%B8%82%E0%B8%B2%E0%B8%A2?market=residential&property_type=N&property_type_code[]=CONDO","ริมหาดคอนโด (Rimhaad condo) ชะอำ, เพชรบุรี","https://www.ddproperty.com/property/%E0%B8%A3%E0%B8%B4%E0%B8%A1%E0%B8%AB%E0%B8%B2%E0%B8%94%E0%B8%84%E0%B8%AD%E0%B8%99%E0%B9%82%E0%B8%94-rimhaad-condo-%E0%B8%8A%E0%B8%B0%E0%B8%AD%E0%B8%B3-%E0%B9%80%E0%B8%9E%E0%B8%8A%E0%B8%A3%E0%B8%9A%E0%B8%B8%E0%B8%A3%E0%B8%B5-%E0%B8%82%E0%B8%B2%E0%B8%A2-10386337","null"
"1680792475-42","https://www.ddproperty.com/%E0%B8%A3%E0%B8%A7%E0%B8%A1%E0%B8%9B%E0%B8%A3%E0%B8%B0%E0%B8%81%E0%B8%B2%E0%B8%A8%E0%B8%82%E0%B8%B2%E0%B8%A2?market=residential&property_type=N&property_type_code[]=CONDO","LUMPINI VILLE อ่อนนุช-ลาดกระบัง, กรุงเทพ","https://www.ddproperty.com/property/lumpini-ville-%E0%B8%AD%E0%B9%88%E0%B8%AD%E0%B8%99%E0%B8%99%E0%B8%B8%E0%B8%8A-%E0%B8%A5%E0%B8%B2%E0%B8%94%E0%B8%81%E0%B8%A3%E0%B8%B0%E0%B8%9A%E0%B8%B1%E0%B8%87-%E0%B8%81%E0%B8%A3%E0%B8%B8%E0%B8%87%E0%B9%80%E0%B8%97%E0%B8%9E-%E0%B8%82%E0%B8%B2%E0%B8%A2-10641832","สิ่งอำนวยความสะดวก & สถานที่ใกล้เคียง

    
        
        
            สิ่งอำนวยความสะดวก
                
            
        
        
            
                ลานจอดรถ
                
            
            
                ที่จอดรถ
                
            
            
                กล้องวงจรปิด
                
            
            
                ฟิตเนส
                
            
            
                ห้องยิมนาสติก
                
            
            
                Lift lobby
                
            
            
                มินิมาร์ท
                
            
            
                รักษาความปลอดภัย 24 ชม.
                
            
            
                สระว่ายน้ำ"
"1680792478-43","https://www.ddproperty.com/%E0%B8%A3%E0%B8%A7%E0%B8%A1%E0%B8%9B%E0%B8%A3%E0%B8%B0%E0%B8%81%E0%B8%B2%E0%B8%A8%E0%B8%82%E0%B8%B2%E0%B8%A2?market=residential&property_type=N&property_type_code[]=CONDO","The Parkland Srinakarin Lakeside : เดอะ พาร์คแลนด์ ศรีนครินทร์ เลคไซด์, สมุทรปราการ","https://www.ddproperty.com/property/the-parkland-srinakarin-lakeside-%E0%B9%80%E0%B8%94%E0%B8%AD%E0%B8%B0-%E0%B8%9E%E0%B8%B2%E0%B8%A3%E0%B9%8C%E0%B8%84%E0%B9%81%E0%B8%A5%E0%B8%99%E0%B8%94%E0%B9%8C-%E0%B8%A8%E0%B8%A3%E0%B8%B5%E0%B8%99%E0%B8%84%E0%B8%A3%E0%B8%B4%E0%B8%99%E0%B8%97%E0%B8%A3%E0%B9%8C-%E0%B9%80%E0%B8%A5%E0%B8%84%E0%B9%84%E0%B8%8B%E0%B8%94%E0%B9%8C-%E0%B8%AA%E0%B8%A1%E0%B8%B8%E0%B8%97%E0%B8%A3%E0%B8%9B%E0%B8%A3%E0%B8%B2%E0%B8%81%E0%B8%B2%E0%B8%A3-%E0%B8%82%E0%B8%B2%E0%B8%A2-10699931","สิ่งอำนวยความสะดวก & สถานที่ใกล้เคียง

        
        
            จุดเด่น
        
        
            สิ่งอำนวยความสะดวก
        
        
    
        
        
            จุดเด่น
                
            
        
        
            
                เครื่องปรับอากาศ
                
            
            
                ระเบียง
                
            
            
                ห้องนอน
                
            
            
                เครื่องดูดควันจากเตา
                
            
            
                เฟอร์นิเจอร์ในห้องอาหาร
                
            
            
                สวน/วิวสวนธรรมชาติ
                
            
            
                เครื่องทำน้ำอุ่น
                
            
            

            
        
        
            สิ่งอำนวยความสะดวก
                
            
        
        
            
                ลานจอดรถ
                
            
            
                สวนสาธารณะ
                
            
            
                กล้องวงจรปิด
                
            
            
                Eateries
                
            
            
                ฟิตเนส
                
            
            
                Lift lobby
                
            
            
                มินิมาร์ท
                
            
            
                สนามเด็กเล่น
                
            
            
                รักษาความปลอดภัย 24 ชม.
                
            
            
                สระว่ายน้ำ"
"1680792480-44","https://www.ddproperty.com/%E0%B8%A3%E0%B8%A7%E0%B8%A1%E0%B8%9B%E0%B8%A3%E0%B8%B0%E0%B8%81%E0%B8%B2%E0%B8%A8%E0%B8%82%E0%B8%B2%E0%B8%A2?market=residential&property_type=N&property_type_code[]=CONDO","ขายด่วน! 27ตรม.คอนโด ห้องมุมวิวสวย ลุมพินี วิลล์ อ่อนนุช -ลาดกระบัง, กรุงเทพ","https://www.ddproperty.com/property/%E0%B8%82%E0%B8%B2%E0%B8%A2%E0%B8%94%E0%B9%88%E0%B8%A7%E0%B8%99-27%E0%B8%95%E0%B8%A3%E0%B8%A1-%E0%B8%84%E0%B8%AD%E0%B8%99%E0%B9%82%E0%B8%94-%E0%B8%AB%E0%B9%89%E0%B8%AD%E0%B8%87%E0%B8%A1%E0%B8%B8%E0%B8%A1%E0%B8%A7%E0%B8%B4%E0%B8%A7%E0%B8%AA%E0%B8%A7%E0%B8%A2-%E0%B8%A5%E0%B8%B8%E0%B8%A1%E0%B8%9E%E0%B8%B4%E0%B8%99%E0%B8%B5-%E0%B8%A7%E0%B8%B4%E0%B8%A5%E0%B8%A5%E0%B9%8C-%E0%B8%AD%E0%B9%88%E0%B8%AD%E0%B8%99%E0%B8%99%E0%B8%B8%E0%B8%8A-%E0%B8%A5%E0%B8%B2%E0%B8%94%E0%B8%81%E0%B8%A3%E0%B8%B0%E0%B8%9A%E0%B8%B1%E0%B8%87-%E0%B8%81%E0%B8%A3%E0%B8%B8%E0%B8%87%E0%B9%80%E0%B8%97%E0%B8%9E-%E0%B8%82%E0%B8%B2%E0%B8%A2-10567825","สิ่งอำนวยความสะดวก & สถานที่ใกล้เคียง

        
        
            จุดเด่น
        
        
            สิ่งอำนวยความสะดวก
        
        
    
        
        
            จุดเด่น
                
            
        
        
            
                เครื่องปรับอากาศ
                
            
            
                ระเบียง
                
            
            
                วิวเมือง
                
            
            
                เครื่องดูดควันจากเตา
                
            
            
                ห้องมุม
                
            
            
                เครื่องทำน้ำอุ่น
                
            
            

            
        
        
            สิ่งอำนวยความสะดวก
                
            
        
        
            
                ที่จอดรถ
                
            
            
                กล้องวงจรปิด
                
            
            
                ฟิตเนส
                
            
            
                ห้องสมุด
                
            
            
                รักษาความปลอดภัย 24 ชม.
                
            
            
                สระว่ายน้ำ
                
            
            
                สระเด็ก"
"1680792482-45","https://www.ddproperty.com/%E0%B8%A3%E0%B8%A7%E0%B8%A1%E0%B8%9B%E0%B8%A3%E0%B8%B0%E0%B8%81%E0%B8%B2%E0%B8%A8%E0%B8%82%E0%B8%B2%E0%B8%A2?market=residential&property_type=N&property_type_code[]=CONDO","Baan Fan Condovill : บ้านฝัน คอนโดวิลล์, กรุงเทพ","https://www.ddproperty.com/property/baan-fan-condovill-%E0%B8%9A%E0%B9%89%E0%B8%B2%E0%B8%99%E0%B8%9D%E0%B8%B1%E0%B8%99-%E0%B8%84%E0%B8%AD%E0%B8%99%E0%B9%82%E0%B8%94%E0%B8%A7%E0%B8%B4%E0%B8%A5%E0%B8%A5%E0%B9%8C-%E0%B8%81%E0%B8%A3%E0%B8%B8%E0%B8%87%E0%B9%80%E0%B8%97%E0%B8%9E-%E0%B8%82%E0%B8%B2%E0%B8%A2-10642169","สิ่งอำนวยความสะดวก & สถานที่ใกล้เคียง

    
        
        
            สิ่งอำนวยความสะดวก
                
            
        
        
            
                กล้องวงจรปิด
                
            
            
                รักษาความปลอดภัย 24 ชม."
"1680792485-46","https://www.ddproperty.com/%E0%B8%A3%E0%B8%A7%E0%B8%A1%E0%B8%9B%E0%B8%A3%E0%B8%B0%E0%B8%81%E0%B8%B2%E0%B8%A8%E0%B8%82%E0%B8%B2%E0%B8%A2?market=residential&property_type=N&property_type_code[]=CONDO","Marque Sukhumvit, กรุงเทพ","https://www.ddproperty.com/property/marque-sukhumvit-%E0%B8%81%E0%B8%A3%E0%B8%B8%E0%B8%87%E0%B9%80%E0%B8%97%E0%B8%9E-%E0%B8%82%E0%B8%B2%E0%B8%A2-10635937","สิ่งอำนวยความสะดวก & สถานที่ใกล้เคียง

        
        
            จุดเด่น
        
        
            สิ่งอำนวยความสะดวก
        
        
    
        
        
            จุดเด่น
                
            
        
        
            
                เครื่องปรับอากาศ
                
            
            
                ระบบเสียง
                
            
            
                ระเบียง
                
            
            
                ห้องนอน
                
            
            
                เฟอร์นิเจอร์ในห้องอาหาร
                
            
            
                ตู้เย็น
                
            
            
                ชั้นบน 
                
            
            
                เครื่องทำครัว
                
            
            
                เฟอร์นิเจอร์ในห้องรับแขก
                
            
            
                เตาอบ/ไมโครเวฟ
                
            
            
                โทรทัศน์
                
            
            
                เครื่องดูดฝุ่น
                
            
            
                เครื่องซักผ้า
                
            
            
                เครื่องทำน้ำอุ่น
                
            
            

            
        
        
            สิ่งอำนวยความสะดวก
                
            
        
        
            
                ที่จอดรถ
                
            
            
                กล้องวงจรปิด
                
            
            
                ฟิตเนส
                
            
            
                ห้องสมุด
                
            
            
                รักษาความปลอดภัย 24 ชม.
                
            
            
                สระว่ายน้ำ"
"1680792487-47","https://www.ddproperty.com/%E0%B8%A3%E0%B8%A7%E0%B8%A1%E0%B8%9B%E0%B8%A3%E0%B8%B0%E0%B8%81%E0%B8%B2%E0%B8%A8%E0%B8%82%E0%B8%B2%E0%B8%A2?market=residential&property_type=N&property_type_code[]=CONDO","รัชดา เพรสทีจ, กรุงเทพ","https://www.ddproperty.com/property/%E0%B8%A3%E0%B8%B1%E0%B8%8A%E0%B8%94%E0%B8%B2-%E0%B9%80%E0%B8%9E%E0%B8%A3%E0%B8%AA%E0%B8%97%E0%B8%B5%E0%B8%88-%E0%B8%81%E0%B8%A3%E0%B8%B8%E0%B8%87%E0%B9%80%E0%B8%97%E0%B8%9E-%E0%B8%82%E0%B8%B2%E0%B8%A2-10777038","สิ่งอำนวยความสะดวก & สถานที่ใกล้เคียง

        
        
            จุดเด่น
        
        
            สิ่งอำนวยความสะดวก
        
        
    
        
        
            จุดเด่น
                
            
        
        
            
                ห้องนอน
                
            
            
                ห้องมุม
                
            
            
                เฟอร์นิเจอร์ในห้องอาหาร
                
            
            
                ชั้นบน 
                
            
            
                เฟอร์นิเจอร์ในห้องรับแขก
                
            
            

            
        
        
            สิ่งอำนวยความสะดวก
                
            
        
        
            
                ฟิตเนส
                
            
            
                มินิมาร์ท
                
            
            
                รักษาความปลอดภัย 24 ชม.
                
            
            
                สระว่ายน้ำ"
"1680792489-48","https://www.ddproperty.com/%E0%B8%A3%E0%B8%A7%E0%B8%A1%E0%B8%9B%E0%B8%A3%E0%B8%B0%E0%B8%81%E0%B8%B2%E0%B8%A8%E0%B8%82%E0%B8%B2%E0%B8%A2?market=residential&property_type=N&property_type_code[]=CONDO","Dcondo Rin : ดีคอนโด ริน, เชียงใหม่","https://www.ddproperty.com/property/dcondo-rin-%E0%B8%94%E0%B8%B5%E0%B8%84%E0%B8%AD%E0%B8%99%E0%B9%82%E0%B8%94-%E0%B8%A3%E0%B8%B4%E0%B8%99-%E0%B9%80%E0%B8%8A%E0%B8%B5%E0%B8%A2%E0%B8%87%E0%B9%83%E0%B8%AB%E0%B8%A1%E0%B9%88-%E0%B8%82%E0%B8%B2%E0%B8%A2-6722450","สิ่งอำนวยความสะดวก & สถานที่ใกล้เคียง

        
        
            จุดเด่น
        
        
            สิ่งอำนวยความสะดวก
        
        
    
        
        
            จุดเด่น
                
            
        
        
            
                เครื่องปรับอากาศ
                
            
            
                ระเบียง
                
            
            
                ห้องนอน
                
            
            
                เคเบิล ทีวี
                
            
            
                วิวเมือง
                
            
            
                เครื่องดูดควันจากเตา
                
            
            
                เฟอร์นิเจอร์ในห้องอาหาร
                
            
            
                ตู้เย็น
                
            
            
                สวน/วิวสวนธรรมชาติ
                
            
            
                เครื่องทำครัว
                
            
            
                เฟอร์นิเจอร์ในห้องรับแขก
                
            
            
                เตาอบ/ไมโครเวฟ
                
            
            
                การตกแต่ง
                
            
            
                โทรทัศน์
                
            
            
                เครื่องซักผ้า
                
            
            
                เครื่องทำน้ำอุ่น
                
            
            

            
        
        
            สิ่งอำนวยความสะดวก
                
            
        
        
            
                ลานจอดรถ
                
            
            
                คลับเฮ้าส์
                
            
            
                กล้องวงจรปิด
                
            
            
                ฟิตเนส
                
            
            
                จากุซซี่
                
            
            
                รักษาความปลอดภัย 24 ชม.
                
            
            
                สระว่ายน้ำ"
"1680792492-49","https://www.ddproperty.com/%E0%B8%A3%E0%B8%A7%E0%B8%A1%E0%B8%9B%E0%B8%A3%E0%B8%B0%E0%B8%81%E0%B8%B2%E0%B8%A8%E0%B8%82%E0%B8%B2%E0%B8%A2?market=residential&property_type=N&property_type_code[]=CONDO","อคาเดเมีย แกรนด์ ทาวเวอร์, กรุงเทพ","https://www.ddproperty.com/property/%E0%B8%AD%E0%B8%84%E0%B8%B2%E0%B9%80%E0%B8%94%E0%B9%80%E0%B8%A1%E0%B8%B5%E0%B8%A2-%E0%B9%81%E0%B8%81%E0%B8%A3%E0%B8%99%E0%B8%94%E0%B9%8C-%E0%B8%97%E0%B8%B2%E0%B8%A7%E0%B9%80%E0%B8%A7%E0%B8%AD%E0%B8%A3%E0%B9%8C-%E0%B8%81%E0%B8%A3%E0%B8%B8%E0%B8%87%E0%B9%80%E0%B8%97%E0%B8%9E-%E0%B8%82%E0%B8%B2%E0%B8%A2-10640794","สิ่งอำนวยความสะดวก & สถานที่ใกล้เคียง

        
        
            จุดเด่น
        
        
            สิ่งอำนวยความสะดวก
        
        
    
        
        
            จุดเด่น
                
            
        
        
            
                เครื่องปรับอากาศ
                
            
            
                ระบบเสียง
                
            
            
                ระเบียง
                
            
            
                อ่างอาบน้ำ
                
            
            
                เคเบิล ทีวี
                
            
            
                เครื่องดูดควันจากเตา
                
            
            
                ห้องมุม
                
            
            
                เครื่องเป่า
                
            
            
                เครื่องเล่นดีวีดี
                
            
            
                ตู้เย็น
                
            
            
                การเชื่อมต่ออินเทอร์เน็ต
                
            
            
                เตารีด/โต๊ะรองรีด
                
            
            
                เครื่องทำครัว
                
            
            
                เฟอร์นิเจอร์ในห้องรับแขก
                
            
            
                เตาอบ/ไมโครเวฟ
                
            
            
                เพนท์เฮ้าส์
                
            
            
                การตกแต่ง
                
            
            
                โทรทัศน์
                
            
            
                เครื่องดูดฝุ่น
                
            
            
                เครื่องซักผ้า
                
            
            
                เครื่องทำน้ำอุ่น
                
            
            

            
        
        
            สิ่งอำนวยความสะดวก
                
            
        
        
            
                ลานจอดรถ
                
            
            
                กล้องวงจรปิด
                
            
            
                ฟิตเนส
                
            
            
                รักษาความปลอดภัย 24 ชม.
                
            
            
                สระว่ายน้ำ"
"1680792494-50","https://www.ddproperty.com/%E0%B8%A3%E0%B8%A7%E0%B8%A1%E0%B8%9B%E0%B8%A3%E0%B8%B0%E0%B8%81%E0%B8%B2%E0%B8%A8%E0%B8%82%E0%B8%B2%E0%B8%A2?market=residential&property_type=N&property_type_code[]=CONDO","Hesper Red Kaset : เฮสเพอร์ เรด เกษตร, กรุงเทพ","https://www.ddproperty.com/property/hesper-red-kaset-%E0%B9%80%E0%B8%AE%E0%B8%AA%E0%B9%80%E0%B8%9E%E0%B8%AD%E0%B8%A3%E0%B9%8C-%E0%B9%80%E0%B8%A3%E0%B8%94-%E0%B9%80%E0%B8%81%E0%B8%A9%E0%B8%95%E0%B8%A3-%E0%B8%81%E0%B8%A3%E0%B8%B8%E0%B8%87%E0%B9%80%E0%B8%97%E0%B8%9E-%E0%B8%82%E0%B8%B2%E0%B8%A2-10755289#409","สิ่งอำนวยความสะดวก & สถานที่ใกล้เคียง

    
        
        
            สิ่งอำนวยความสะดวก
                
            
        
        
            
                ลานจอดรถ
                
            
            
                กล้องวงจรปิด
                
            
            
                รักษาความปลอดภัย 24 ชม.
                
            
            

                
            
            Show All 3 Facilities & Amenities"
